{
    "predict_bleu-4": 1.1415102150537635,
    "predict_rouge-1": 11.591956182795697,
    "predict_rouge-2": 1.1498040322580645,
    "predict_rouge-l": 6.745266666666667,
    "predict_runtime": 3417.5788,
    "predict_samples": 372,
    "predict_samples_per_second": 0.109,
    "predict_steps_per_second": 0.109
}